"LOCATION","INDICATOR","SUBJECT","MEASURE","FREQUENCY","TIME","Value","Flag Codes"
"CAN","INDPROD","TOT","IDX2015","A","1961",22.839,
"CAN","INDPROD","TOT","IDX2015","A","1962",25.10302,
"CAN","INDPROD","TOT","IDX2015","A","1963",26.71998,
"CAN","INDPROD","TOT","IDX2015","A","1964",29.37872,
"CAN","INDPROD","TOT","IDX2015","A","1965",31.9886,
"CAN","INDPROD","TOT","IDX2015","A","1966",34.04163,
"CAN","INDPROD","TOT","IDX2015","A","1967",35.11773,
"CAN","INDPROD","TOT","IDX2015","A","1968",37.62939,
"CAN","INDPROD","TOT","IDX2015","A","1969",40.06211,
"CAN","INDPROD","TOT","IDX2015","A","1970",39.59126,
"CAN","INDPROD","TOT","IDX2015","A","1971",41.805,
"CAN","INDPROD","TOT","IDX2015","A","1972",45.48298,
"CAN","INDPROD","TOT","IDX2015","A","1973",50.67501,
"CAN","INDPROD","TOT","IDX2015","A","1974",51.41605,
"CAN","INDPROD","TOT","IDX2015","A","1975",47.62342,
"CAN","INDPROD","TOT","IDX2015","A","1976",50.72623,
"CAN","INDPROD","TOT","IDX2015","A","1977",52.51141,
"CAN","INDPROD","TOT","IDX2015","A","1978",54.7214,
"CAN","INDPROD","TOT","IDX2015","A","1979",57.38531,
"CAN","INDPROD","TOT","IDX2015","A","1980",55.58556,
"CAN","INDPROD","TOT","IDX2015","A","1981",55.91121,
"CAN","INDPROD","TOT","IDX2015","A","1982",51.48325,
"CAN","INDPROD","TOT","IDX2015","A","1983",54.18899,
"CAN","INDPROD","TOT","IDX2015","A","1984",61.00596,
"CAN","INDPROD","TOT","IDX2015","A","1985",64.27371,
"CAN","INDPROD","TOT","IDX2015","A","1986",63.86301,
"CAN","INDPROD","TOT","IDX2015","A","1987",66.66508,
"CAN","INDPROD","TOT","IDX2015","A","1988",70.7359,
"CAN","INDPROD","TOT","IDX2015","A","1989",70.42059,
"CAN","INDPROD","TOT","IDX2015","A","1990",68.45214,
"CAN","INDPROD","TOT","IDX2015","A","1991",65.83945,
"CAN","INDPROD","TOT","IDX2015","A","1992",66.54071,
"CAN","INDPROD","TOT","IDX2015","A","1993",69.55181,
"CAN","INDPROD","TOT","IDX2015","A","1994",74.03701,
"CAN","INDPROD","TOT","IDX2015","A","1995",77.39639,
"CAN","INDPROD","TOT","IDX2015","A","1996",78.31631,
"CAN","INDPROD","TOT","IDX2015","A","1997",82.73647,
"CAN","INDPROD","TOT","IDX2015","A","1998",85.41064,
"CAN","INDPROD","TOT","IDX2015","A","1999",90.46307,
"CAN","INDPROD","TOT","IDX2015","A","2000",96.83224,
"CAN","INDPROD","TOT","IDX2015","A","2001",93.7872,
"CAN","INDPROD","TOT","IDX2015","A","2002",95.56929,
"CAN","INDPROD","TOT","IDX2015","A","2003",95.65697,
"CAN","INDPROD","TOT","IDX2015","A","2004",97.75493,
"CAN","INDPROD","TOT","IDX2015","A","2005",99.97868,
"CAN","INDPROD","TOT","IDX2015","A","2006",99.77518,
"CAN","INDPROD","TOT","IDX2015","A","2007",98.354,
"CAN","INDPROD","TOT","IDX2015","A","2008",95.09732,
"CAN","INDPROD","TOT","IDX2015","A","2009",84.85164,
"CAN","INDPROD","TOT","IDX2015","A","2010",89.93976,
"CAN","INDPROD","TOT","IDX2015","A","2011",94.22417,
"CAN","INDPROD","TOT","IDX2015","A","2012",94.09346,
"CAN","INDPROD","TOT","IDX2015","A","2013",95.71469,
"CAN","INDPROD","TOT","IDX2015","A","2014",100.4259,
"CAN","INDPROD","TOT","IDX2015","A","2015",100,
"CAN","INDPROD","TOT","IDX2015","A","2016",100.0519,
"CAN","INDPROD","TOT","IDX2015","A","2017",104.865,
"CAN","INDPROD","TOT","IDX2015","A","2018",108.935,
"CAN","INDPROD","TOT","IDX2015","A","2019",108.7389,
"CAN","INDPROD","TOT","IDX2015","A","2020",100.1988,
"CAN","INDPROD","TOT","IDX2015","A","2021",104.7487,
"CAN","INDPROD","TOT","IDX2015","A","2022",108.5864,
"FRA","INDPROD","TOT","IDX2015","A","1955",26.21322,
"FRA","INDPROD","TOT","IDX2015","A","1956",28.61017,
"FRA","INDPROD","TOT","IDX2015","A","1957",30.95513,
"FRA","INDPROD","TOT","IDX2015","A","1958",32.33966,
"FRA","INDPROD","TOT","IDX2015","A","1959",32.78568,
"FRA","INDPROD","TOT","IDX2015","A","1960",35.7545,
"FRA","INDPROD","TOT","IDX2015","A","1961",37.76564,
"FRA","INDPROD","TOT","IDX2015","A","1962",40.26109,
"FRA","INDPROD","TOT","IDX2015","A","1963",42.09438,
"FRA","INDPROD","TOT","IDX2015","A","1964",44.83484,
"FRA","INDPROD","TOT","IDX2015","A","1965",45.62575,
"FRA","INDPROD","TOT","IDX2015","A","1966",48.30073,
"FRA","INDPROD","TOT","IDX2015","A","1967",49.42915,
"FRA","INDPROD","TOT","IDX2015","A","1968",51.2024,
"FRA","INDPROD","TOT","IDX2015","A","1969",57.20724,
"FRA","INDPROD","TOT","IDX2015","A","1970",60.42628,
"FRA","INDPROD","TOT","IDX2015","A","1971",63.27758,
"FRA","INDPROD","TOT","IDX2015","A","1972",67.80136,
"FRA","INDPROD","TOT","IDX2015","A","1973",72.92463,
"FRA","INDPROD","TOT","IDX2015","A","1974",74.65757,
"FRA","INDPROD","TOT","IDX2015","A","1975",68.21949,
"FRA","INDPROD","TOT","IDX2015","A","1976",74.57193,
"FRA","INDPROD","TOT","IDX2015","A","1977",75.93209,
"FRA","INDPROD","TOT","IDX2015","A","1978",77.63984,
"FRA","INDPROD","TOT","IDX2015","A","1979",80.98483,
"FRA","INDPROD","TOT","IDX2015","A","1980",80.1451,
"FRA","INDPROD","TOT","IDX2015","A","1981",79.30529,
"FRA","INDPROD","TOT","IDX2015","A","1982",78.66703,
"FRA","INDPROD","TOT","IDX2015","A","1983",78.72078,
"FRA","INDPROD","TOT","IDX2015","A","1984",80.07792,
"FRA","INDPROD","TOT","IDX2015","A","1985",80.27468,
"FRA","INDPROD","TOT","IDX2015","A","1986",82.3127,
"FRA","INDPROD","TOT","IDX2015","A","1987",83.75085,
"FRA","INDPROD","TOT","IDX2015","A","1988",86.7348,
"FRA","INDPROD","TOT","IDX2015","A","1989",89.74184,
"FRA","INDPROD","TOT","IDX2015","A","1990",91.04924,
"FRA","INDPROD","TOT","IDX2015","A","1991",90.97008,
"FRA","INDPROD","TOT","IDX2015","A","1992",90.23425,
"FRA","INDPROD","TOT","IDX2015","A","1993",86.86678,
"FRA","INDPROD","TOT","IDX2015","A","1994",90.04925,
"FRA","INDPROD","TOT","IDX2015","A","1995",92.71506,
"FRA","INDPROD","TOT","IDX2015","A","1996",93.47589,
"FRA","INDPROD","TOT","IDX2015","A","1997",97.56085,
"FRA","INDPROD","TOT","IDX2015","A","1998",101.6125,
"FRA","INDPROD","TOT","IDX2015","A","1999",104.3158,
"FRA","INDPROD","TOT","IDX2015","A","2000",108.6191,
"FRA","INDPROD","TOT","IDX2015","A","2001",109.9066,
"FRA","INDPROD","TOT","IDX2015","A","2002",108.6449,
"FRA","INDPROD","TOT","IDX2015","A","2003",107.7124,
"FRA","INDPROD","TOT","IDX2015","A","2004",110.1474,
"FRA","INDPROD","TOT","IDX2015","A","2005",110.0374,
"FRA","INDPROD","TOT","IDX2015","A","2006",110.7941,
"FRA","INDPROD","TOT","IDX2015","A","2007",112.0016,
"FRA","INDPROD","TOT","IDX2015","A","2008",109.0424,
"FRA","INDPROD","TOT","IDX2015","A","2009",95.39254,
"FRA","INDPROD","TOT","IDX2015","A","2010",99.9375,
"FRA","INDPROD","TOT","IDX2015","A","2011",102.3825,
"FRA","INDPROD","TOT","IDX2015","A","2012",99.80334,
"FRA","INDPROD","TOT","IDX2015","A","2013",99.49084,
"FRA","INDPROD","TOT","IDX2015","A","2014",98.37334,
"FRA","INDPROD","TOT","IDX2015","A","2015",100,
"FRA","INDPROD","TOT","IDX2015","A","2016",100.4767,
"FRA","INDPROD","TOT","IDX2015","A","2017",102.45,
"FRA","INDPROD","TOT","IDX2015","A","2018",103.2508,
"FRA","INDPROD","TOT","IDX2015","A","2019",103.6808,
"FRA","INDPROD","TOT","IDX2015","A","2020",92.92506,
"FRA","INDPROD","TOT","IDX2015","A","2021",98.48668,
"FRA","INDPROD","TOT","IDX2015","A","2022",98.13419,
"DEU","INDPROD","TOT","IDX2015","A","1958",23.70022,
"DEU","INDPROD","TOT","IDX2015","A","1959",25.39664,
"DEU","INDPROD","TOT","IDX2015","A","1960",28.35035,
"DEU","INDPROD","TOT","IDX2015","A","1961",30.13825,
"DEU","INDPROD","TOT","IDX2015","A","1962",31.406,
"DEU","INDPROD","TOT","IDX2015","A","1963",32.46724,
"DEU","INDPROD","TOT","IDX2015","A","1964",35.15171,
"DEU","INDPROD","TOT","IDX2015","A","1965",37.09122,
"DEU","INDPROD","TOT","IDX2015","A","1966",37.70288,
"DEU","INDPROD","TOT","IDX2015","A","1967",36.8978,
"DEU","INDPROD","TOT","IDX2015","A","1968",41.4303,
"DEU","INDPROD","TOT","IDX2015","A","1969",46.8463,
"DEU","INDPROD","TOT","IDX2015","A","1970",49.65363,
"DEU","INDPROD","TOT","IDX2015","A","1971",50.09268,
"DEU","INDPROD","TOT","IDX2015","A","1972",51.93941,
"DEU","INDPROD","TOT","IDX2015","A","1973",55.27983,
"DEU","INDPROD","TOT","IDX2015","A","1974",54.32025,
"DEU","INDPROD","TOT","IDX2015","A","1975",50.94815,
"DEU","INDPROD","TOT","IDX2015","A","1976",54.37909,
"DEU","INDPROD","TOT","IDX2015","A","1977",55.79583,
"DEU","INDPROD","TOT","IDX2015","A","1978",56.77804,
"DEU","INDPROD","TOT","IDX2015","A","1979",59.63714,
"DEU","INDPROD","TOT","IDX2015","A","1980",59.63203,
"DEU","INDPROD","TOT","IDX2015","A","1981",58.5426,
"DEU","INDPROD","TOT","IDX2015","A","1982",56.63994,
"DEU","INDPROD","TOT","IDX2015","A","1983",57.01843,
"DEU","INDPROD","TOT","IDX2015","A","1984",58.74207,
"DEU","INDPROD","TOT","IDX2015","A","1985",61.56026,
"DEU","INDPROD","TOT","IDX2015","A","1986",62.69061,
"DEU","INDPROD","TOT","IDX2015","A","1987",62.931,
"DEU","INDPROD","TOT","IDX2015","A","1988",65.1968,
"DEU","INDPROD","TOT","IDX2015","A","1989",68.40881,
"DEU","INDPROD","TOT","IDX2015","A","1990",71.94817,
"DEU","INDPROD","TOT","IDX2015","A","1991",74.0145,
"DEU","INDPROD","TOT","IDX2015","A","1992",72.99775,
"DEU","INDPROD","TOT","IDX2015","A","1993",67.08059,
"DEU","INDPROD","TOT","IDX2015","A","1994",69.1891,
"DEU","INDPROD","TOT","IDX2015","A","1995",69.79749,
"DEU","INDPROD","TOT","IDX2015","A","1996",69.39745,
"DEU","INDPROD","TOT","IDX2015","A","1997",71.77264,
"DEU","INDPROD","TOT","IDX2015","A","1998",75.02292,
"DEU","INDPROD","TOT","IDX2015","A","1999",76.17301,
"DEU","INDPROD","TOT","IDX2015","A","2000",80.4067,
"DEU","INDPROD","TOT","IDX2015","A","2001",80.46504,
"DEU","INDPROD","TOT","IDX2015","A","2002",79.47329,
"DEU","INDPROD","TOT","IDX2015","A","2003",79.68997,
"DEU","INDPROD","TOT","IDX2015","A","2004",83.15693,
"DEU","INDPROD","TOT","IDX2015","A","2005",85.93216,
"DEU","INDPROD","TOT","IDX2015","A","2006",90.87424,
"DEU","INDPROD","TOT","IDX2015","A","2007",96.86641,
"DEU","INDPROD","TOT","IDX2015","A","2008",97.74148,
"DEU","INDPROD","TOT","IDX2015","A","2009",80.78173,
"DEU","INDPROD","TOT","IDX2015","A","2010",90.45753,
"DEU","INDPROD","TOT","IDX2015","A","2011",98.15818,
"DEU","INDPROD","TOT","IDX2015","A","2012",97.06642,
"DEU","INDPROD","TOT","IDX2015","A","2013",97.04142,
"DEU","INDPROD","TOT","IDX2015","A","2014",98.96658,
"DEU","INDPROD","TOT","IDX2015","A","2015",100,
"DEU","INDPROD","TOT","IDX2015","A","2016",101.1334,
"DEU","INDPROD","TOT","IDX2015","A","2017",103.842,
"DEU","INDPROD","TOT","IDX2015","A","2018",105.0504,
"DEU","INDPROD","TOT","IDX2015","A","2019",101.7585,
"DEU","INDPROD","TOT","IDX2015","A","2020",92.69106,
"DEU","INDPROD","TOT","IDX2015","A","2021",97.1831,
"DEU","INDPROD","TOT","IDX2015","A","2022",96.78307,
"ITA","INDPROD","TOT","IDX2015","A","1955",22.60931,
"ITA","INDPROD","TOT","IDX2015","A","1956",24.37762,
"ITA","INDPROD","TOT","IDX2015","A","1957",26.2616,
"ITA","INDPROD","TOT","IDX2015","A","1958",27.08713,
"ITA","INDPROD","TOT","IDX2015","A","1959",30.03589,
"ITA","INDPROD","TOT","IDX2015","A","1960",34.68483,
"ITA","INDPROD","TOT","IDX2015","A","1961",38.45596,
"ITA","INDPROD","TOT","IDX2015","A","1962",42.15578,
"ITA","INDPROD","TOT","IDX2015","A","1963",45.87936,
"ITA","INDPROD","TOT","IDX2015","A","1964",46.37215,
"ITA","INDPROD","TOT","IDX2015","A","1965",48.51915,
"ITA","INDPROD","TOT","IDX2015","A","1966",54.1901,
"ITA","INDPROD","TOT","IDX2015","A","1967",58.37038,
"ITA","INDPROD","TOT","IDX2015","A","1968",61.81129,
"ITA","INDPROD","TOT","IDX2015","A","1969",63.99527,
"ITA","INDPROD","TOT","IDX2015","A","1970",68.23812,
"ITA","INDPROD","TOT","IDX2015","A","1971",68.16447,
"ITA","INDPROD","TOT","IDX2015","A","1972",71.15018,
"ITA","INDPROD","TOT","IDX2015","A","1973",78.07125,
"ITA","INDPROD","TOT","IDX2015","A","1974",81.56397,
"ITA","INDPROD","TOT","IDX2015","A","1975",74.07956,
"ITA","INDPROD","TOT","IDX2015","A","1976",83.2701,
"ITA","INDPROD","TOT","IDX2015","A","1977",84.17145,
"ITA","INDPROD","TOT","IDX2015","A","1978",85.77295,
"ITA","INDPROD","TOT","IDX2015","A","1979",91.4949,
"ITA","INDPROD","TOT","IDX2015","A","1980",96.55569,
"ITA","INDPROD","TOT","IDX2015","A","1981",95.04131,
"ITA","INDPROD","TOT","IDX2015","A","1982",91.86407,
"ITA","INDPROD","TOT","IDX2015","A","1983",89.54264,
"ITA","INDPROD","TOT","IDX2015","A","1984",92.45428,
"ITA","INDPROD","TOT","IDX2015","A","1985",93.77238,
"ITA","INDPROD","TOT","IDX2015","A","1986",97.57915,
"ITA","INDPROD","TOT","IDX2015","A","1987",100.5203,
"ITA","INDPROD","TOT","IDX2015","A","1988",106.8747,
"ITA","INDPROD","TOT","IDX2015","A","1989",110.7504,
"ITA","INDPROD","TOT","IDX2015","A","1990",110.5241,
"ITA","INDPROD","TOT","IDX2015","A","1991",109.4659,
"ITA","INDPROD","TOT","IDX2015","A","1992",108.316,
"ITA","INDPROD","TOT","IDX2015","A","1993",105.6579,
"ITA","INDPROD","TOT","IDX2015","A","1994",112.099,
"ITA","INDPROD","TOT","IDX2015","A","1995",118.7484,
"ITA","INDPROD","TOT","IDX2015","A","1996",116.7569,
"ITA","INDPROD","TOT","IDX2015","A","1997",121.2732,
"ITA","INDPROD","TOT","IDX2015","A","1998",122.7814,
"ITA","INDPROD","TOT","IDX2015","A","1999",122.4731,
"ITA","INDPROD","TOT","IDX2015","A","2000",127.6644,
"ITA","INDPROD","TOT","IDX2015","A","2001",125.3646,
"ITA","INDPROD","TOT","IDX2015","A","2002",123.4897,
"ITA","INDPROD","TOT","IDX2015","A","2003",122.7064,
"ITA","INDPROD","TOT","IDX2015","A","2004",122.4815,
"ITA","INDPROD","TOT","IDX2015","A","2005",121.7149,
"ITA","INDPROD","TOT","IDX2015","A","2006",126.1312,
"ITA","INDPROD","TOT","IDX2015","A","2007",129.0642,
"ITA","INDPROD","TOT","IDX2015","A","2008",123.748,
"ITA","INDPROD","TOT","IDX2015","A","2009",100.7499,
"ITA","INDPROD","TOT","IDX2015","A","2010",107.791,
"ITA","INDPROD","TOT","IDX2015","A","2011",108.6409,
"ITA","INDPROD","TOT","IDX2015","A","2012",102.3998,
"ITA","INDPROD","TOT","IDX2015","A","2013",99.25839,
"ITA","INDPROD","TOT","IDX2015","A","2014",98.62511,
"ITA","INDPROD","TOT","IDX2015","A","2015",99.64169,
"ITA","INDPROD","TOT","IDX2015","A","2016",101.6915,
"ITA","INDPROD","TOT","IDX2015","A","2017",105.4829,
"ITA","INDPROD","TOT","IDX2015","A","2018",106.3911,
"ITA","INDPROD","TOT","IDX2015","A","2019",105.1579,
"ITA","INDPROD","TOT","IDX2015","A","2020",93.58387,
"ITA","INDPROD","TOT","IDX2015","A","2021",104.508,
"ITA","INDPROD","TOT","IDX2015","A","2022",104.9329,
"JPN","INDPROD","TOT","IDX2015","A","1955",6.274619,
"JPN","INDPROD","TOT","IDX2015","A","1956",7.697801,
"JPN","INDPROD","TOT","IDX2015","A","1957",9.071907,
"JPN","INDPROD","TOT","IDX2015","A","1958",8.896639,
"JPN","INDPROD","TOT","IDX2015","A","1959",10.67737,
"JPN","INDPROD","TOT","IDX2015","A","1960",13.32743,
"JPN","INDPROD","TOT","IDX2015","A","1961",15.93543,
"JPN","INDPROD","TOT","IDX2015","A","1962",17.24644,
"JPN","INDPROD","TOT","IDX2015","A","1963",19.19543,
"JPN","INDPROD","TOT","IDX2015","A","1964",22.2451,
"JPN","INDPROD","TOT","IDX2015","A","1965",23.06536,
"JPN","INDPROD","TOT","IDX2015","A","1966",26.12205,
"JPN","INDPROD","TOT","IDX2015","A","1967",31.18381,
"JPN","INDPROD","TOT","IDX2015","A","1968",36.0072,
"JPN","INDPROD","TOT","IDX2015","A","1969",41.74199,
"JPN","INDPROD","TOT","IDX2015","A","1970",47.46977,
"JPN","INDPROD","TOT","IDX2015","A","1971",48.73872,
"JPN","INDPROD","TOT","IDX2015","A","1972",52.23007,
"JPN","INDPROD","TOT","IDX2015","A","1973",60.06808,
"JPN","INDPROD","TOT","IDX2015","A","1974",57.76856,
"JPN","INDPROD","TOT","IDX2015","A","1975",51.35373,
"JPN","INDPROD","TOT","IDX2015","A","1976",57.02542,
"JPN","INDPROD","TOT","IDX2015","A","1977",59.40907,
"JPN","INDPROD","TOT","IDX2015","A","1978",63.1458,
"JPN","INDPROD","TOT","IDX2015","A","1979",67.80094,
"JPN","INDPROD","TOT","IDX2015","A","1980",71.01186,
"JPN","INDPROD","TOT","IDX2015","A","1981",71.69891,
"JPN","INDPROD","TOT","IDX2015","A","1982",71.95831,
"JPN","INDPROD","TOT","IDX2015","A","1983",74.24381,
"JPN","INDPROD","TOT","IDX2015","A","1984",81.15641,
"JPN","INDPROD","TOT","IDX2015","A","1985",84.14299,
"JPN","INDPROD","TOT","IDX2015","A","1986",83.98174,
"JPN","INDPROD","TOT","IDX2015","A","1987",86.87017,
"JPN","INDPROD","TOT","IDX2015","A","1988",94.9115,
"JPN","INDPROD","TOT","IDX2015","A","1989",100.4045,
"JPN","INDPROD","TOT","IDX2015","A","1990",104.6469,
"JPN","INDPROD","TOT","IDX2015","A","1991",106.6413,
"JPN","INDPROD","TOT","IDX2015","A","1992",100.5482,
"JPN","INDPROD","TOT","IDX2015","A","1993",97.13407,
"JPN","INDPROD","TOT","IDX2015","A","1994",98.351,
"JPN","INDPROD","TOT","IDX2015","A","1995",101.3426,
"JPN","INDPROD","TOT","IDX2015","A","1996",103.5314,
"JPN","INDPROD","TOT","IDX2015","A","1997",107.6554,
"JPN","INDPROD","TOT","IDX2015","A","1998",100.4806,
"JPN","INDPROD","TOT","IDX2015","A","1999",101.0741,
"JPN","INDPROD","TOT","IDX2015","A","2000",106.0525,
"JPN","INDPROD","TOT","IDX2015","A","2001",99.62135,
"JPN","INDPROD","TOT","IDX2015","A","2002",98.45204,
"JPN","INDPROD","TOT","IDX2015","A","2003",102.2936,
"JPN","INDPROD","TOT","IDX2015","A","2004",107.1211,
"JPN","INDPROD","TOT","IDX2015","A","2005",108.8602,
"JPN","INDPROD","TOT","IDX2015","A","2006",113.2982,
"JPN","INDPROD","TOT","IDX2015","A","2007",116.6042,
"JPN","INDPROD","TOT","IDX2015","A","2008",112.8273,
"JPN","INDPROD","TOT","IDX2015","A","2009",89.39108,
"JPN","INDPROD","TOT","IDX2015","A","2010",102.7771,
"JPN","INDPROD","TOT","IDX2015","A","2011",99.92881,
"JPN","INDPROD","TOT","IDX2015","A","2012",100.0571,
"JPN","INDPROD","TOT","IDX2015","A","2013",99.45838,
"JPN","INDPROD","TOT","IDX2015","A","2014",101.2416,
"JPN","INDPROD","TOT","IDX2015","A","2015",100,
"JPN","INDPROD","TOT","IDX2015","A","2016",100.225,
"JPN","INDPROD","TOT","IDX2015","A","2017",102.8414,
"JPN","INDPROD","TOT","IDX2015","A","2018",103.908,
"JPN","INDPROD","TOT","IDX2015","A","2019",101.1916,
"JPN","INDPROD","TOT","IDX2015","A","2020",90.94242,
"JPN","INDPROD","TOT","IDX2015","A","2021",95.80869,
"JPN","INDPROD","TOT","IDX2015","A","2022",95.98367,
"GBR","INDPROD","TOT","IDX2015","A","1968",57.65829,
"GBR","INDPROD","TOT","IDX2015","A","1969",59.63919,
"GBR","INDPROD","TOT","IDX2015","A","1970",59.95755,
"GBR","INDPROD","TOT","IDX2015","A","1971",59.62151,
"GBR","INDPROD","TOT","IDX2015","A","1972",60.63848,
"GBR","INDPROD","TOT","IDX2015","A","1973",66.12133,
"GBR","INDPROD","TOT","IDX2015","A","1974",64.80368,
"GBR","INDPROD","TOT","IDX2015","A","1975",61.29289,
"GBR","INDPROD","TOT","IDX2015","A","1976",63.27379,
"GBR","INDPROD","TOT","IDX2015","A","1977",66.55465,
"GBR","INDPROD","TOT","IDX2015","A","1978",68.46481,
"GBR","INDPROD","TOT","IDX2015","A","1979",71.06474,
"GBR","INDPROD","TOT","IDX2015","A","1980",66.43969,
"GBR","INDPROD","TOT","IDX2015","A","1981",64.30846,
"GBR","INDPROD","TOT","IDX2015","A","1982",65.55536,
"GBR","INDPROD","TOT","IDX2015","A","1983",67.99611,
"GBR","INDPROD","TOT","IDX2015","A","1984",68.00495,
"GBR","INDPROD","TOT","IDX2015","A","1985",71.7103,
"GBR","INDPROD","TOT","IDX2015","A","1986",73.47011,
"GBR","INDPROD","TOT","IDX2015","A","1987",76.46799,
"GBR","INDPROD","TOT","IDX2015","A","1988",80.12027,
"GBR","INDPROD","TOT","IDX2015","A","1989",81.78281,
"GBR","INDPROD","TOT","IDX2015","A","1990",81.53519,
"GBR","INDPROD","TOT","IDX2015","A","1991",78.77608,
"GBR","INDPROD","TOT","IDX2015","A","1992",79.05907,
"GBR","INDPROD","TOT","IDX2015","A","1993",80.78352,
"GBR","INDPROD","TOT","IDX2015","A","1994",85.17863,
"GBR","INDPROD","TOT","IDX2015","A","1995",86.64662,
"GBR","INDPROD","TOT","IDX2015","A","1996",87.81393,
"GBR","INDPROD","TOT","IDX2015","A","1997",90.21931,
"GBR","INDPROD","TOT","IDX2015","A","1998",93.11107,
"GBR","INDPROD","TOT","IDX2015","A","1999",97.4885,
"GBR","INDPROD","TOT","IDX2015","A","2000",99.43403,
"GBR","INDPROD","TOT","IDX2015","A","2001",102.3523,
"GBR","INDPROD","TOT","IDX2015","A","2002",103.4489,
"GBR","INDPROD","TOT","IDX2015","A","2003",106.2522,
"GBR","INDPROD","TOT","IDX2015","A","2004",105.6774,
"GBR","INDPROD","TOT","IDX2015","A","2005",104.6604,
"GBR","INDPROD","TOT","IDX2015","A","2006",108.2066,
"GBR","INDPROD","TOT","IDX2015","A","2007",106.5706,
"GBR","INDPROD","TOT","IDX2015","A","2008",105.138,
"GBR","INDPROD","TOT","IDX2015","A","2009",97.9572,
"GBR","INDPROD","TOT","IDX2015","A","2010",96.68376,
"GBR","INDPROD","TOT","IDX2015","A","2011",91.46622,
"GBR","INDPROD","TOT","IDX2015","A","2012",91.49275,
"GBR","INDPROD","TOT","IDX2015","A","2013",93.50018,
"GBR","INDPROD","TOT","IDX2015","A","2014",95.30421,
"GBR","INDPROD","TOT","IDX2015","A","2015",100,
"GBR","INDPROD","TOT","IDX2015","A","2016",100.5041,
"GBR","INDPROD","TOT","IDX2015","A","2017",100.336,
"GBR","INDPROD","TOT","IDX2015","A","2018",103.6788,
"GBR","INDPROD","TOT","IDX2015","A","2019",106.1019,
"GBR","INDPROD","TOT","IDX2015","A","2020",107.4372,
"GBR","INDPROD","TOT","IDX2015","A","2021",115.2724,
"GBR","INDPROD","TOT","IDX2015","A","2022",112.0623,
"USA","INDPROD","TOT","IDX2015","A","1950",15.63801,
"USA","INDPROD","TOT","IDX2015","A","1951",16.96154,
"USA","INDPROD","TOT","IDX2015","A","1952",17.61218,
"USA","INDPROD","TOT","IDX2015","A","1953",19.09782,
"USA","INDPROD","TOT","IDX2015","A","1954",18.06297,
"USA","INDPROD","TOT","IDX2015","A","1955",20.36582,
"USA","INDPROD","TOT","IDX2015","A","1956",21.26297,
"USA","INDPROD","TOT","IDX2015","A","1957",21.54055,
"USA","INDPROD","TOT","IDX2015","A","1958",20.1704,
"USA","INDPROD","TOT","IDX2015","A","1959",22.57096,
"USA","INDPROD","TOT","IDX2015","A","1960",23.07061,
"USA","INDPROD","TOT","IDX2015","A","1961",23.22605,
"USA","INDPROD","TOT","IDX2015","A","1962",25.15581,
"USA","INDPROD","TOT","IDX2015","A","1963",26.6481,
"USA","INDPROD","TOT","IDX2015","A","1964",28.44464,
"USA","INDPROD","TOT","IDX2015","A","1965",31.28491,
"USA","INDPROD","TOT","IDX2015","A","1966",34.04741,
"USA","INDPROD","TOT","IDX2015","A","1967",34.77309,
"USA","INDPROD","TOT","IDX2015","A","1968",36.7128,
"USA","INDPROD","TOT","IDX2015","A","1969",38.41603,
"USA","INDPROD","TOT","IDX2015","A","1970",37.13872,
"USA","INDPROD","TOT","IDX2015","A","1971",37.65934,
"USA","INDPROD","TOT","IDX2015","A","1972",41.27946,
"USA","INDPROD","TOT","IDX2015","A","1973",44.66473,
"USA","INDPROD","TOT","IDX2015","A","1974",44.53441,
"USA","INDPROD","TOT","IDX2015","A","1975",40.56657,
"USA","INDPROD","TOT","IDX2015","A","1976",43.76569,
"USA","INDPROD","TOT","IDX2015","A","1977",47.11248,
"USA","INDPROD","TOT","IDX2015","A","1978",49.70444,
"USA","INDPROD","TOT","IDX2015","A","1979",51.19251,
"USA","INDPROD","TOT","IDX2015","A","1980",49.8674,
"USA","INDPROD","TOT","IDX2015","A","1981",50.52276,
"USA","INDPROD","TOT","IDX2015","A","1982",47.90401,
"USA","INDPROD","TOT","IDX2015","A","1983",49.21435,
"USA","INDPROD","TOT","IDX2015","A","1984",53.60147,
"USA","INDPROD","TOT","IDX2015","A","1985",54.25791,
"USA","INDPROD","TOT","IDX2015","A","1986",54.80766,
"USA","INDPROD","TOT","IDX2015","A","1987",57.66471,
"USA","INDPROD","TOT","IDX2015","A","1988",60.64859,
"USA","INDPROD","TOT","IDX2015","A","1989",61.19784,
"USA","INDPROD","TOT","IDX2015","A","1990",61.78679,
"USA","INDPROD","TOT","IDX2015","A","1991",60.87578,
"USA","INDPROD","TOT","IDX2015","A","1992",62.65674,
"USA","INDPROD","TOT","IDX2015","A","1993",64.71497,
"USA","INDPROD","TOT","IDX2015","A","1994",68.12232,
"USA","INDPROD","TOT","IDX2015","A","1995",71.27883,
"USA","INDPROD","TOT","IDX2015","A","1996",74.51486,
"USA","INDPROD","TOT","IDX2015","A","1997",79.87054,
"USA","INDPROD","TOT","IDX2015","A","1998",84.5632,
"USA","INDPROD","TOT","IDX2015","A","1999",88.26862,
"USA","INDPROD","TOT","IDX2015","A","2000",91.68756,
"USA","INDPROD","TOT","IDX2015","A","2001",88.89376,
"USA","INDPROD","TOT","IDX2015","A","2002",89.19296,
"USA","INDPROD","TOT","IDX2015","A","2003",90.34648,
"USA","INDPROD","TOT","IDX2015","A","2004",92.76117,
"USA","INDPROD","TOT","IDX2015","A","2005",95.87004,
"USA","INDPROD","TOT","IDX2015","A","2006",98.0588,
"USA","INDPROD","TOT","IDX2015","A","2007",100.5704,
"USA","INDPROD","TOT","IDX2015","A","2008",97.08659,
"USA","INDPROD","TOT","IDX2015","A","2009",86.05129,
"USA","INDPROD","TOT","IDX2015","A","2010",90.8214,
"USA","INDPROD","TOT","IDX2015","A","2011",93.67844,
"USA","INDPROD","TOT","IDX2015","A","2012",96.53757,
"USA","INDPROD","TOT","IDX2015","A","2013",98.47889,
"USA","INDPROD","TOT","IDX2015","A","2014",101.4357,
"USA","INDPROD","TOT","IDX2015","A","2015",100,
"USA","INDPROD","TOT","IDX2015","A","2016",97.83552,
"USA","INDPROD","TOT","IDX2015","A","2017",99.12695,
"USA","INDPROD","TOT","IDX2015","A","2018",102.2496,
"USA","INDPROD","TOT","IDX2015","A","2019",101.5351,
"USA","INDPROD","TOT","IDX2015","A","2020",94.23824,
"USA","INDPROD","TOT","IDX2015","A","2021",98.37855,
"USA","INDPROD","TOT","IDX2015","A","2022",101.7107,
"G-7","INDPROD","TOT","IDX2015","A","1960",22.85868,
"G-7","INDPROD","TOT","IDX2015","A","1961",24.49491,
"G-7","INDPROD","TOT","IDX2015","A","1962",26.53082,
"G-7","INDPROD","TOT","IDX2015","A","1963",28.34511,
"G-7","INDPROD","TOT","IDX2015","A","1964",30.73536,
"G-7","INDPROD","TOT","IDX2015","A","1965",32.87471,
"G-7","INDPROD","TOT","IDX2015","A","1966",35.61097,
"G-7","INDPROD","TOT","IDX2015","A","1967",37.44826,
"G-7","INDPROD","TOT","IDX2015","A","1968",40.45125,
"G-7","INDPROD","TOT","IDX2015","A","1969",43.77256,
"G-7","INDPROD","TOT","IDX2015","A","1970",45.02785,
"G-7","INDPROD","TOT","IDX2015","A","1971",45.77545,
"G-7","INDPROD","TOT","IDX2015","A","1972",48.96746,
"G-7","INDPROD","TOT","IDX2015","A","1973",53.60303,
"G-7","INDPROD","TOT","IDX2015","A","1974",53.29824,
"G-7","INDPROD","TOT","IDX2015","A","1975",48.80201,
"G-7","INDPROD","TOT","IDX2015","A","1976",52.89114,
"G-7","INDPROD","TOT","IDX2015","A","1977",55.54183,
"G-7","INDPROD","TOT","IDX2015","A","1978",57.93942,
"G-7","INDPROD","TOT","IDX2015","A","1979",60.59138,
"G-7","INDPROD","TOT","IDX2015","A","1980",60.23285,
"G-7","INDPROD","TOT","IDX2015","A","1981",60.25193,
"G-7","INDPROD","TOT","IDX2015","A","1982",58.44356,
"G-7","INDPROD","TOT","IDX2015","A","1983",59.66995,
"G-7","INDPROD","TOT","IDX2015","A","1984",63.6712,
"G-7","INDPROD","TOT","IDX2015","A","1985",65.40301,
"G-7","INDPROD","TOT","IDX2015","A","1986",66.16676,
"G-7","INDPROD","TOT","IDX2015","A","1987",68.6012,
"G-7","INDPROD","TOT","IDX2015","A","1988",72.59875,
"G-7","INDPROD","TOT","IDX2015","A","1989",74.62647,
"G-7","INDPROD","TOT","IDX2015","A","1990",76.02802,
"G-7","INDPROD","TOT","IDX2015","A","1991",75.82015,
"G-7","INDPROD","TOT","IDX2015","A","1992",75.40653,
"G-7","INDPROD","TOT","IDX2015","A","1993",74.89545,
"G-7","INDPROD","TOT","IDX2015","A","1994",78.00611,
"G-7","INDPROD","TOT","IDX2015","A","1995",80.85335,
"G-7","INDPROD","TOT","IDX2015","A","1996",82.78436,
"G-7","INDPROD","TOT","IDX2015","A","1997",87.17329,
"G-7","INDPROD","TOT","IDX2015","A","1998",89.17041,
"G-7","INDPROD","TOT","IDX2015","A","1999",91.74083,
"G-7","INDPROD","TOT","IDX2015","A","2000",95.80853,
"G-7","INDPROD","TOT","IDX2015","A","2001",93.46274,
"G-7","INDPROD","TOT","IDX2015","A","2002",93.27615,
"G-7","INDPROD","TOT","IDX2015","A","2003",94.5995,
"G-7","INDPROD","TOT","IDX2015","A","2004",97.04548,
"G-7","INDPROD","TOT","IDX2015","A","2005",99.21571,
"G-7","INDPROD","TOT","IDX2015","A","2006",102.2649,
"G-7","INDPROD","TOT","IDX2015","A","2007",104.9227,
"G-7","INDPROD","TOT","IDX2015","A","2008",101.9882,
"G-7","INDPROD","TOT","IDX2015","A","2009",87.64056,
"G-7","INDPROD","TOT","IDX2015","A","2010",94.46821,
"G-7","INDPROD","TOT","IDX2015","A","2011",96.50751,
"G-7","INDPROD","TOT","IDX2015","A","2012",97.27524,
"G-7","INDPROD","TOT","IDX2015","A","2013",98.15971,
"G-7","INDPROD","TOT","IDX2015","A","2014",100.4069,
"G-7","INDPROD","TOT","IDX2015","A","2015",100,
"G-7","INDPROD","TOT","IDX2015","A","2016",99.39303,
"G-7","INDPROD","TOT","IDX2015","A","2017",101.5301,
"G-7","INDPROD","TOT","IDX2015","A","2018",103.8671,
"G-7","INDPROD","TOT","IDX2015","A","2019",102.7221,
"G-7","INDPROD","TOT","IDX2015","A","2020",94.47037,
"G-7","INDPROD","TOT","IDX2015","A","2021",99.50068,
"G-7","INDPROD","TOT","IDX2015","A","2022",101.1136,
